point_number,latitude,longitude
1,34.59068308430986,36.07372323278725
2,34.611952469634346,36.09154204891025
3,34.28859205925177,36.15900967381192
4,33.79595346998279,35.860352168404376
5,33.285407931279494,35.37809748345358
6,33.94018957434078,35.966780769782
7,33.29354646536278,35.25649814783108
8,33.41356833647347,35.31392495612228
9,34.28042861575442,35.939010741998715
10,33.532920293519005,35.87578378478024
11,33.479712119847704,35.67357709472325
12,34.13704233015983,36.161732902087344
13,34.09629245390663,36.12498232340881
14,33.565848293395966,35.62435181820336
15,33.23264608750578,35.30494476458112
16,34.35216533880556,36.01950843473897
17,33.400909179017404,35.26998596119253
18,33.36561755208402,35.729125249944396
19,33.67806584869774,35.56842637355737
20,33.83914012068494,35.711286615117515
21,34.43176716576376,36.10676503401548
22,34.24170512152263,35.986180881137956
23,33.49840269488767,35.70329595027231
24,33.701284650960815,35.766856354835085
25,33.92648893019423,35.78839860770439
26,33.994680400653095,35.989983371014695
27,33.36923004383984,35.54616374931906
28,33.373167002972906,35.31232855354344
29,33.280570209017604,35.2736833055135
30,34.337528980509774,36.293190692820275
31,33.924318357427815,35.60088895912851
32,33.23809315874633,35.35902894755184
33,33.95742325151916,35.654278939255626
34,34.1739602353501,36.020171055206056
35,33.76858382307352,35.74644396602182
36,34.01130952187821,35.96139261528162
37,34.190074625422014,36.48832744458313
38,33.891607735207934,35.79097812073086
39,34.159806946443425,36.085465671992516
40,33.44211980314887,35.32817594457029
41,34.39035701768331,36.23293880307901
42,33.49120049558586,35.44535828850787
43,33.53617498608535,35.490167108385556
44,34.07068216065798,35.738467011585406
45,34.099364200223775,36.00825904089622
46,34.44671774873804,35.93174243595343
47,33.19841064717185,35.48798590560243
48,34.15727481643636,35.969645999728094
49,33.21497506659909,35.27753810003691
50,33.41864873669936,35.42928829666227
51,34.27927176514117,35.734212396130715
52,33.84638907239005,35.599666483993396
53,34.31672312682088,36.104751077880984
54,34.601853893542135,36.254156928555474
55,34.01146179288936,36.22611447038524
56,33.50362605827664,35.488118543495865
57,34.179398317123706,36.46543110171496
58,33.79064198550881,35.639600528534416
59,33.75996867952728,35.76330482878097
60,34.174183452473045,36.20679053051143
61,33.633561601806754,35.593600581257405
62,34.221979937072035,36.40960221780122
63,33.29407951239407,35.451504254688636
64,34.31838961840008,36.07003096755434
65,33.79534326623724,35.5333988149318
66,34.09721066105312,35.86029181173948
67,33.90766129567658,36.079313728737425
68,33.67166103867096,35.704176687645464
69,34.295298504996474,35.845179085781645
70,33.50817569495227,35.51958025623947
71,33.89521559445946,35.89821337514931
72,34.27160065062116,35.713594868915884
73,34.206164024025526,36.26261368610718
74,34.52445204117186,36.26215466744337
75,34.14574188472985,35.69894517408434
76,33.40439973979676,35.58912632984626
77,33.89463295434582,35.600937166962495
78,34.23157089291024,36.368499509947384
79,34.39638648239326,36.46155057389393
80,33.4861052803003,35.628849366580866
81,33.78577086370326,35.84404845736873
82,34.26410721025606,36.32140101930614
83,33.8863198200198,36.09233649456037
84,33.70261869835473,35.849568074542915
85,33.82471455813919,35.784715521521974
86,33.15430401303773,35.449335450545334
87,33.72543428826797,35.830703742641354
88,34.47025072676749,36.058758587185174
89,33.53285512044457,35.64086947604631
90,33.531281547161555,35.39514208062209
91,33.9115499977252,36.14944593681119
92,33.58587635953861,35.4544254070277
93,33.85715644226365,35.894009052594626
94,34.09154466334844,35.744359989182556
95,33.64662575202302,35.79269939639378
96,34.422097731748,35.98094256334907
97,33.53520584308895,35.505516969234364
98,34.358376699089,36.28392474696721
99,33.24331276632009,35.43771073629244
100,33.546837948053664,35.72138979673054
101,34.438857405162,35.96359206860016
102,34.17001962219379,36.31229995243947
103,34.42800190126196,36.2182946044713
104,34.08759084826516,36.41886289281251
105,33.7382541126826,35.65950230387043
106,33.76558591510524,35.8422155209059
107,33.794102085857006,35.5522068600139
108,34.363071381579715,35.89462498831021
109,33.13141612609496,35.32569338373028
110,33.993015632938935,36.21763979060494
111,33.512307419052156,35.5273274964465
112,33.47107836974031,35.33481055684393
113,33.77754258072734,35.8358046022063
114,34.16238203853004,36.098170754834186
115,33.66093290585672,35.77134997259775
116,34.154337037198225,36.14108788728275
117,34.60143934021296,36.17916758243711
118,34.534070686033125,36.131828219466676
119,33.528766174662856,35.546666835858595
120,34.44401410460924,36.10113488553127
121,33.21763736642814,35.47356362636904
122,33.67953116104351,35.82469954790423
123,34.317818805767466,36.15823741852653
124,33.42884262582721,35.72939829562883
125,34.137472079835504,36.40436429243199
126,33.29756069794881,35.40534750830143
127,33.2871499764134,35.412993872077735
128,34.14867276421099,36.350301652745564
129,34.424894682259456,36.0612569276654
130,33.76738891460417,35.71688876435043
131,33.595216325029284,35.67987285594227
132,34.335974639059174,36.13923349065418
133,33.89237130044537,36.19065244689103
134,33.89163876289924,36.14156222310733
135,34.109432653918496,35.785182678065155
136,33.76285102336517,35.742907074157955
137,34.07745193005381,36.16543596639069
138,33.541264420957646,35.81080717491579
139,34.51572409272086,36.17696961771209
140,34.11794886281428,36.418252677383464
141,34.18468955371242,36.130578293768274
142,34.22071047196062,36.53281054147698
143,33.7887889374281,35.740434970884685
144,34.23878492862346,36.22229263214387
145,33.4513254480516,35.54845622266078
146,34.37638216199242,36.47793502202916
147,34.470958602414015,36.018182207698935
148,34.23924478613341,35.84555513929813
149,33.612144202155044,35.65238956459562
150,34.36260523954879,36.18298534992909
151,34.329007401476716,35.88126245186447
152,34.34908809726775,36.2316258136042
153,34.159354410913686,36.21505846264299
154,33.92320700606586,35.811654665560525
155,34.25936016654958,36.53554233751208
156,33.41905947757553,35.3230111817571
157,33.85563452760681,35.79526771607464
158,34.242745414986814,36.50923913844551
159,34.35238700579369,36.30782178853953
160,33.404388461217046,35.57751716333917
161,34.38384997692226,36.162117458512924
162,33.58962157478668,35.7297712408684
163,34.3450393283979,35.79562342951401
164,33.865514781435905,35.74012776545199
165,33.268727214856234,35.29876514510407
166,33.55822149866986,35.8034708486487
167,34.438186203818645,36.0007124288127
168,34.43562241450604,36.005561791734195
169,34.04128303478874,36.13655215524745
170,33.46145763327659,35.75766406927003
171,33.511381590771094,35.41281662354476
172,33.32554656969015,35.33234687236546
173,34.408334221479045,35.96603313447639
174,34.38229068063003,36.29987222479593
175,33.424511490718885,35.42992535328558
176,33.29208137660195,35.46137996405249
177,33.80571762933397,35.69581213110379
178,33.82947079754635,35.9733227367049
179,33.459081501694996,35.46060711556598
180,34.3808114865121,36.187680983630464
181,33.80549624716147,35.60679720144194
182,34.2534157823808,36.283850584312354
183,33.578328423095236,35.87003329980921
184,34.18702091860719,35.76166209668808
185,34.35023870892644,35.93339835216118
186,34.12983394695776,36.17519080828638
187,34.46912092695735,35.98709842669452
188,33.26198216868205,35.35700368583695
189,34.49814391224888,36.11967678284631
190,34.23792579881446,36.18961567081899
191,34.47182162081038,35.9882580195969
192,33.71431370119718,35.75347052207618
193,33.92336020271087,35.78497145300252
194,33.91157713576929,35.76523251931341
195,33.13986112923415,35.21614962066696
196,33.91895220873932,35.681616263282166
197,33.98253817449412,35.873039694033054
198,34.146748577925806,36.192678960899464
199,33.82004784861337,35.589913598092615
200,33.5017620488341,35.74794457475521
201,34.16710373244128,35.92234996988838
202,34.25006672326487,36.17407341357444
203,33.38412157586444,35.41962881270457
204,33.63887133501257,35.61087387099277
205,33.65884050439216,35.464051843079645
206,33.41418812132883,35.39193543725633
207,33.999846309544594,36.16615786943056
208,33.125698952574915,35.3659475332971
209,34.24475574143558,36.54446527118242
210,33.91795914909369,36.217869336610256
211,33.524491591856844,35.53799111128494
212,33.63632756878124,35.55212152613707
213,34.069145027026586,35.74602049920767
214,33.46198516803672,35.345697329312976
215,34.332675476649364,36.250810756667185
216,34.03393136349354,36.189176007901075
217,33.638649129045255,35.64850956491797
218,34.070265110322914,36.262301874249886
219,34.10781628291317,36.02829017875301
220,33.89158323656871,35.763254365724656
221,33.90476807747347,36.211613996782305
222,34.001198406010765,35.66041322200953
223,33.61811312413388,35.7697235527034
224,33.60463875880684,35.86464271145939
225,33.84790232625448,35.55694378184453
226,34.01688742200156,36.069395859847354
227,34.16299645747027,36.242224467588116
228,33.26659205629369,35.369190344225025
229,34.329131251469754,36.1375547115703
230,34.30087949786082,35.86097776811082
231,33.989235704585404,35.67621696578811
232,34.33262621583815,36.037243879974525
233,33.56996316725706,35.729211362516374
234,34.24381071945331,36.47434190977502
235,33.35375024195263,35.58843117855999
236,34.41413967663858,35.891028126253225
237,34.33391664636291,36.438390343220476
238,33.862666928910265,36.030941044254206
239,33.89582915248185,35.60662442728799
240,33.92360813010824,36.04368941954353
241,34.39009788094357,36.22617140264294
242,33.808659628400456,35.979787872832496
243,34.28204160421961,36.31104418132943
244,33.18625674210811,35.42640237839377
245,34.214891272937756,36.04116030740769
246,34.460090119096314,35.92865924507211
247,34.4004068277075,36.30536095412309
248,33.90329384005394,36.00390030416331
249,33.22306063757812,35.357975060671045
250,33.45946224434262,35.453249754410756
251,33.70356556594317,35.72312723733462
252,33.57431671804597,35.91118909604571
253,33.825926273648676,35.59705281839802
254,34.28138320616635,36.351383046932625
255,34.59123052692241,36.11863939283854
256,33.629758741052434,35.74942098645498
257,34.42333653590689,36.244000832946135
258,33.718640011667546,35.800124269003334
259,34.101219988649056,35.89694706942843
260,33.13179611213184,35.379209045611496
261,33.914305994479896,36.09307101489595
262,33.70151355571357,35.46207350114494
263,34.20988407509788,35.86488056697903
264,33.37569919884938,35.600343413465666
265,33.95228309865063,35.87080529520673
266,33.43252262239194,35.38056632474341
267,34.272203243012505,36.30290783354867
268,34.46259739128584,35.92588665985134
269,33.45680919926718,35.44602252884387
270,33.61864039702171,35.833434199575215
271,33.59552120055978,35.475138484719686
272,34.301821404421894,35.94141382356034
273,33.82845136102731,35.965215816381246
274,33.23900746406158,35.27663772962501
275,33.48521598489411,35.43888048979979
276,33.4499170211375,35.56203250680104
277,33.66822663785424,35.79855300773742
278,33.84629818732722,35.69537372553105
279,33.32876109551242,35.63474035122002
280,34.281458838962116,36.52021808176181
281,33.303657993156285,35.23900843641317
282,34.28682108161852,35.7303280738501
283,34.03014236211752,35.869628912542986
284,33.45189484305926,35.38631552718514
285,34.42094303237087,36.338187498882476
286,34.477603106542375,36.074088222092016
287,34.26969021938127,35.69472014130079
288,34.42544586279179,36.14658689851993
289,33.971682086707425,36.041154026876434
290,33.47803118098994,35.583035045145174
291,34.07350311705949,35.71819316863181
292,33.42419583168099,35.429784439948456
293,34.326705062007875,35.87761511530733
294,33.9171654128235,35.876792251291306
295,33.837306053686994,35.81623245080695
296,34.114465172685414,36.34662969796139
297,34.24752179406572,36.32861355570698
298,34.37712485813191,36.33025688264749
299,33.397033164432855,35.454221423643084
300,34.370698453277484,36.02233734670664
301,34.25836742534876,36.22114196941475
302,34.30139723927094,36.22552967735253
303,33.42696132038371,35.706657648436504
304,33.91063119172313,35.788920305776195
305,33.55292471055426,35.38074190396598
306,34.006644776394566,36.034277507540985
307,34.08336813716952,36.31643768784013
308,33.5531006676242,35.87724955750292
309,33.7295941555893,35.625363917000534
310,34.482721258090805,36.095772107836055
311,34.405602955743674,35.95261468658654
312,34.249916790904976,36.2953475500797
313,34.28697612900436,36.26938414159701
314,33.91984602702161,35.96218154920872
315,33.277301777990914,35.31162788234245
316,34.42835979355902,36.20241392106616
317,33.722230004929635,35.5804652641375
318,33.37826023686579,35.74308111906715
319,33.32605219082761,35.49766021245756
320,33.23101630548948,35.251582027804254
321,33.929424977367134,35.8915902602869
322,34.29431553084638,36.3683220564122
323,34.258174780922396,36.46769282565105
324,33.199080609166224,35.384514163552666
325,34.104751078707665,35.67731629471558
326,33.837448975949336,35.630128420148495
327,33.8896102101472,36.07576080369593
328,33.62038863655136,35.53247561469919
329,34.16158147826142,36.03247653899536
330,34.1194817321402,35.73476737810535
331,33.801944403830284,35.986581370918564
332,34.20421388557771,36.29397399921491
333,34.49420776388888,36.23583822810991
334,33.42833567556444,35.40467039185705
335,33.39045601531977,35.567440235688416
336,33.69631765945874,35.823623741169165
337,33.743042896362844,35.934358655383136
338,34.04855597784849,36.28245198915938
339,34.326833619029706,35.76041842256492
340,33.3620987296296,35.316294258028165
341,33.77490774902891,35.5561552530953
342,34.28506805727011,36.401613082902585
343,33.75712538171481,35.63985445798193
344,34.449525923022094,36.01269830129087
345,33.69854745849189,35.69248167744692
346,34.04415223404115,36.17609733756616
347,33.39632740650953,35.49581435118878
348,34.151224572740134,36.444915750936794
349,33.41946588464445,35.52686808683667
350,33.63069864236918,35.65068733857335
351,34.13611228759548,35.963401422044946
352,34.45505226887748,36.34900020847532
353,33.825510207073776,35.939722965291224
354,33.46287525544477,35.62501341463548
355,33.85160652111656,35.85445380562713
356,33.777831499689064,35.57449551205969
357,34.236467275190115,36.0424171261683
358,33.66865402327414,35.74891814125798
359,33.44531319048754,35.3198169396446
360,33.49397515035667,35.8585536929903
361,34.58350888934663,36.10130368540787
362,33.27285285688115,35.42971713054655
363,33.49584701521911,35.45115669862611
364,33.56730369297635,35.608325412983326
365,34.29903626211789,36.49842990299308
366,34.56241883736514,36.115974909742846
367,33.34712213127682,35.47087734917219
368,34.18332309233123,35.87588998553713
369,34.19196306297536,36.38691355814613
370,33.625408479185786,35.622635013089166
371,34.17867355826695,35.96650720794189
372,34.16837885713853,36.0341072693992
373,33.90324107735762,35.61150381681337
374,34.36501529617685,35.95727779642755
375,33.39394442471073,35.31328502910585
376,34.403080765949554,36.21125792687326
377,34.318810452683785,35.843927836808284
378,34.18854718272095,35.72690680132427
379,34.00685692914801,36.125091468778216
380,33.55646856084277,35.63816017139745
381,33.63844332314511,35.747117042359505
382,33.8791622735145,35.946336940023535
383,34.15781437674861,35.74322296015531
384,33.122380489675066,35.22801146974731
385,33.9546247605652,35.874743268138666
386,33.82598128011369,35.56598384430991
387,33.361704153678225,35.36565055533163
388,33.46901289798705,35.53603953609379
389,34.135474736700864,36.29844086313377
390,33.50283892845985,35.84585664715045
391,34.42228617328176,36.21693821884871
392,33.907328986478205,36.217858602969734
393,34.476349336163814,36.265357458209216
394,34.129125177535045,36.060351720766846
395,34.43263366983173,36.10597105556711
396,33.69506001650932,35.619316569329776
397,33.41534088660271,35.622911718520314
398,33.260149712433474,35.33477928125414
399,34.280110230502366,35.71778981706632
400,34.22171099629315,36.16820407432243
401,34.485089018507914,35.97600324768632
402,34.181262573513784,35.93275514194838
403,34.422151418748385,36.0095254421342
404,33.598823780714916,35.89092444777792
405,34.357587181130896,36.18616071064835
406,34.080621957865894,35.90070541102167
407,34.3466359816423,35.99488273419696
408,33.33245765069403,35.55981950079516
409,33.19682975614105,35.298111871259906
410,34.35810838372926,36.22843976846543
411,34.06373701218213,35.69552329254809
412,33.6413985737852,35.41309463791271
413,34.416251698826464,36.21415814567809
414,34.37170075316205,35.91207933890617
415,34.06003684991401,35.925175929640346
416,33.23999097744056,35.47471609882388
417,33.916651403964934,36.16783795805037
418,34.172176239303425,36.18977642641613
419,33.93710567445355,35.98896458855097
420,33.729554315891995,35.76940229516799
421,33.93904132658125,36.06755196402387
422,33.61593154684304,35.61093416372163
423,33.379619303650635,35.65642099517744
424,33.133770752066695,35.301247747766666
425,33.197384713025514,35.223903671126386
426,33.54642089467793,35.374250837014735
427,34.09488497326184,36.12199265105813
428,33.9191020998457,35.7151658748945
429,34.19145390929374,35.76765729433444
430,34.311850669898014,35.83092963389894
431,33.84242698733014,35.50546167226832
432,34.163060653211545,36.00346703065664
433,34.474229466852876,36.09862297671562
434,34.610123608856796,36.27601551541166
435,33.437865532684604,35.33632270879294
436,33.392999493711,35.66301094622899
437,34.30440502590555,36.130954309629644
438,33.326152204313615,35.324647308592674
439,33.88726868223366,35.52012246208129
440,33.83160468323672,35.606015387505124
441,34.405926499324536,36.030364927527714
442,33.517040068515065,35.86040549528609
443,34.36547290916881,36.278606166079655
444,33.979860590247974,35.921473142811436
445,34.212141980549056,36.41075834785661
446,33.71961949720614,35.691339330735474
447,33.63250382425719,35.896673862538854
448,34.05409293772219,35.727150139661646
449,33.72999141518477,35.47228759255661
450,34.37770452861038,35.999035016092144
451,33.298667402281744,35.2472286353765
452,34.50859649545526,35.98579430917961
453,34.50796846640642,36.22717075052236
454,33.31823150685681,35.50122868330612
455,33.89214884186056,35.54422723452986
456,33.88561931145328,35.78733734656301
457,34.24869833245768,35.78532554475302
458,33.99937369866062,36.278555495796645
459,34.186570203231724,35.95238142173183
460,33.97033560886241,36.19959077381379
461,33.70718585227202,35.54691194517411
462,33.85446640986795,35.87214053184505
463,34.163085044443854,35.85549986801883
464,34.44124265860005,36.42622976855772
465,33.20496828874522,35.24207452954654
466,33.91493229464133,35.75112858030247
467,34.03934618160966,36.271981791855275
468,33.523996781946984,35.83602413826109
469,34.18133353320592,36.014156425003044
470,34.350649054480115,36.262851132249594
471,33.959041351608654,35.613977598749415
472,34.071180188828365,36.16655214522914
473,33.16931848637288,35.468913981768374
474,34.21760258521477,35.931782592829535
475,33.85118714543694,35.97090589794689
476,33.75532794745324,35.49575188738844
477,34.218895322396115,35.796184076663
478,33.25731011225787,35.30229361552195
479,33.37083619941834,35.3632606616561
480,33.995853532658145,35.86110197606294
481,33.265007665212195,35.46271004415981
482,33.298972001272226,35.36378210963957
483,34.047960110912555,35.92896216959271
484,34.101924357879035,36.07132040576057
485,33.59858484064212,35.56706233867859
486,33.937507564005145,35.61608899773533
487,34.28432327697432,35.90848695253049
488,33.28581479094176,35.48838108970317
489,34.01958240122247,35.70467946910682
490,33.84764007770006,35.564795497746346
491,34.236044394981924,36.245348504218676
492,33.18800554050986,35.41917473119833
493,33.75767928085507,35.6909550484603
494,34.58439425094401,36.16744464063975
495,34.32717951863798,35.97382447993278
496,34.27262536533921,36.360721017411194
497,33.44706461973928,35.71028357577009
498,34.36878918998987,36.42427937140323
499,33.971116447865,35.65473958285308
500,33.733715418843495,35.77369506950951
501,34.259995396185495,36.50393170441985
502,33.27886520171987,35.366523603600136
503,34.4400915475309,36.36797308452941
504,33.58508190787973,35.75684913833447
505,33.83213892280331,35.6719095945777
506,33.61740883388773,35.73212308168128
507,33.60520442620522,35.644220083967035
508,33.42533387067324,35.445170405063486
509,33.790854273478445,35.62188782394693
510,34.60390584986973,36.13630715340404
511,33.783199756836694,35.50323659903044
512,34.46421287760367,36.08543085124899
513,34.16737624653552,36.23678563821755
514,33.57066793632264,35.68520970574565
515,33.87729542381634,35.84747006084379
516,34.20800850068812,36.157511791708565
517,34.30974972932912,36.4503629480101
518,33.75683414052047,35.85992729861483
519,33.78057419449855,35.48197846404898
520,33.412374436597254,35.673202977845534
521,34.465470361480286,36.15670097581249
522,33.94896044544599,36.1448670617759
523,33.25402038016001,35.33158015700111
524,34.39072799223852,36.35610641333452
525,33.444395310309154,35.31119476660144
526,33.64699743361666,35.52630898597716
527,33.97533431715119,35.69622746446992
528,33.55945422941526,35.41810797828313
529,34.41596821259641,36.16004671577663
530,34.43946276398343,35.936999950237755
531,34.04578656477689,35.68858925644452
532,33.96555557754278,36.0037401407746
533,33.416108231774,35.58730444749314
534,33.562758017810545,35.90470915892655
535,33.53164956748168,35.57412918201555
536,33.86819912883886,36.064633420895596
537,33.823445401755976,35.5290669616529
538,34.18607812432759,35.841026872744585
539,33.693565365555806,35.752443586263944
540,33.509418853895504,35.747489949237874
541,34.09060376875371,36.27712132175286
542,33.72205204860765,35.879844818328486
543,33.143586968041014,35.28756312512237
544,34.4318175265541,36.37046160825391
545,34.47881503715428,36.23180751220014
546,33.24086714077984,35.26757211568664
547,34.34102471096935,36.01643101798392
548,34.144610077672525,36.05588388552205
549,33.532625859533034,35.37830939138868
550,34.248505762212176,35.91755649912799
551,33.97517085997617,36.20459462323768
552,33.94852348818262,35.981391146185665
553,34.0979902124772,36.02777627402592
554,34.4879749282193,36.1464759848819
555,34.15866619046387,36.00211951155501
556,34.225881100863724,35.81965788155434
557,33.53922143436991,35.54582549487193
558,33.42124706945454,35.72426837093712
559,33.516053441699555,35.5393817977671
560,34.285749369299445,36.099959293517195
561,33.24471580737212,35.449377326400345
562,34.59027036242451,36.09735710628623
563,33.4812812609776,35.60589475140022
564,34.121902637260874,36.18561393293276
565,33.71442989520054,35.815378751848634
566,34.06370495793798,35.65494170027075
567,34.40980864839073,36.00742412973585
568,34.074071989727756,35.92652490876242
569,33.729223099463425,35.75563201872579
570,33.609594777852635,35.85855078574506
571,34.154186475150894,36.40631820864892
572,33.4310307679203,35.61432312046215
573,33.95937792096135,36.000352883154456
574,33.59070208584857,35.75698414662009
575,34.096489239160825,35.876011393795096
576,33.538657539777645,35.7745515336696
577,33.134544448462584,35.36208602926571
578,33.99664895123014,36.06964817670535
579,33.62214825107908,35.85835113556394
580,34.121308549966884,35.85770695685664
581,33.855321110353486,35.67021333949336
582,34.24889756814803,36.24965074055284
583,34.19992846377985,35.868870677502656
584,34.434344945880774,36.05871537071854
585,33.49626914949518,35.5216472312727
586,33.94476124770013,35.74495568975363
587,34.00870035883008,35.875470020220774
588,34.4189134894535,36.045036964341364
589,33.94572231465086,35.76483479453941
590,33.82748073898375,35.7291517461128
591,34.35338349713042,35.94041273387432
592,34.312099191220845,36.03280709135625
593,34.4911000313445,36.194657124979436
594,34.214697262497026,35.9698037637278
595,34.42977132248412,35.86321736475044
596,34.13854732843995,36.449073819163374
597,33.76243625319145,35.81442294043271
598,34.20574206194817,36.471452437827075
599,33.89807313069653,36.19477945440276
600,33.3735425295455,35.693631592406085
601,34.246494584792856,36.347586943651905
602,34.04587079600762,36.274488153795616
603,33.13434331088332,35.396318409379674
604,34.56322347675437,36.117576021288876
605,34.43665048354103,36.01061537133253
606,33.59783685548897,35.49748158418182
607,33.37923143204394,35.35323602454204
608,33.5736280193552,35.44646626546074
609,34.22029834989378,35.668443212310244
610,34.0086084736518,36.29097105751486
611,34.332262219330154,36.32835069251572
612,34.36380826300296,36.34155946994496
613,34.37258623485237,36.17220440856564
614,33.87105320904314,35.6274109724337
615,34.40160512069488,36.19483349979847
616,34.45922254800631,36.22194517567605
617,33.30202949410484,35.4191072228241
618,33.80314115489324,35.61624301235485
619,34.45795145445951,36.01676064159643
620,33.12597917738341,35.31866219316345
621,33.779880348245264,35.51394630586213
622,33.489723592899345,35.89206392718582
623,33.40698360743577,35.74195061144059
624,34.3444976193839,36.4027556017697
625,34.1158770125396,35.903747715539374
626,34.19198203360062,36.209149827781914
627,33.83437720889974,35.64190783909383
628,33.32366584946755,35.47251453316108
629,33.7868392586627,35.68244259413077
630,33.299613459314436,35.44354523276672
631,34.50389160248355,35.99897362172215
632,33.37560123665586,35.46185094466576
633,33.75801028270432,35.635614290860566
634,33.25778263366931,35.21333461234719
635,33.931344332705805,36.15604693779395
636,33.49487923467322,35.81961554281663
637,34.373161544793824,36.4273873671476
638,33.699011655177316,35.60329962248299
639,34.536577167190906,36.0714565235317
640,33.3873016703848,35.266991284312496
641,33.603884903184884,35.69255543144222
642,34.24811213347523,35.91318825649202
643,33.8890924920818,36.04310907551289
644,33.78649991974083,35.62894885961897
645,33.128943827864504,35.29433600655815
646,33.250894128834304,35.48748594098875
647,34.3307796717536,35.7620094575728
648,34.217168136700785,36.083251881265795
649,34.534768931461024,36.03249708824277
650,33.11574309173381,35.16352115640387
651,34.2540865961441,36.001708941957936
652,34.052135931687,35.879884271240655
653,33.91219838478463,35.93015055093868
654,33.69130915214441,35.7172892986841
655,33.89409215816156,35.50460625757079
656,34.33397573631317,36.0649807581476
657,34.09140909215159,35.68002789020253
658,33.767620442033525,35.68884060491058
659,34.19979636529652,36.10227114754141
660,33.941874932583545,36.2423756517176
661,34.160402816764666,36.48543922602811
662,34.03121105910388,36.12730495746041
663,34.109530260994894,36.255872361582725
664,33.20904516475413,35.41509192971711
665,34.26771884241424,36.224407485408854
666,34.305910452410195,36.13644109951376
667,34.230517485486,36.41610309826476
668,33.71597568267044,35.72975275367993
669,33.359346512598606,35.50687586266316
670,34.110507363667004,36.381696151601055
671,33.361481102361616,35.498986578205205
672,34.13134583353582,35.97624457140403
673,34.32988352835063,35.89096885843419
674,33.562254674175776,35.76431484479341
675,33.35829266330801,35.43226831563334
676,33.282836012950604,35.24362846236417
677,34.280133071215516,35.7692736617469
678,34.01436167152101,36.14891342535552
679,33.703261896724584,35.91295073066348
680,34.550379394400345,36.2524096130767
681,33.92070119860022,36.04682813914564
682,33.63467058869654,35.73027844075775
683,34.02330532613094,35.9548378110448
684,33.99809720273097,35.72317436914261
685,33.54108498493183,35.604002299782536
686,34.10870789493559,35.88304533486204
687,34.441997578370106,35.9295533397576
688,34.05756957413099,36.166096396708426
689,34.47480138997301,35.92399225152709
690,33.186310474272815,35.20426043375903
691,34.07472650184659,36.185842225314765
692,33.22017638802211,35.299574725900136
693,33.98767988444657,36.196604098842464
694,33.78166935144661,35.87936093171801
695,33.889338855710676,35.755442433270886
696,33.45806859037812,35.709968472961734
697,34.13934465056519,36.289118578436856
698,33.909807428098,35.86844238499067
699,33.7578807521141,35.85780035605471
700,33.73471971654213,35.544034752925576
701,34.114394237918034,35.98589408774106
702,33.13664674395927,35.414443536584834
703,33.27898354751545,35.331802931510914
704,34.300430365678125,35.90384734139272
705,33.74498257470928,35.46752498827533
706,34.34147418203177,36.371323121770615
707,34.4571244608271,36.060792084733514
708,33.94942407407464,36.11862452731688
709,33.36648805088542,35.555487167628826
710,34.42242568258845,36.430594152249725
711,34.479098187427404,36.1926750493786
712,33.29330844278982,35.5093126293845
713,33.57135504921482,35.58693161035244
714,34.01181753693956,35.86408224855561
715,34.40753080544456,36.42799408640168
716,33.93778250200781,35.9489214499802
717,33.9221922639908,35.910939338329975
718,34.45442763254221,35.87989934138495
719,34.30336413256127,35.80314030550091
720,33.92660158738312,35.92956278222506
721,33.998946409089775,36.26579114493992
722,34.018258398800896,36.13084155645011
723,34.21762379074799,36.522781371134656
724,34.300311496626406,36.43422928964182
725,33.863750040413976,35.57395096709243
726,34.36863882531806,35.96043616119051
727,33.98373155639493,35.869332059558005
728,33.59198864764653,35.72505626314673
729,34.36856212000554,36.14378930876731
730,33.334534605501396,35.64548696706662
731,34.50823118041964,36.17663882118776
732,34.1813527328148,35.88512714527146
733,34.11078185437285,35.79392943144245
734,33.79761719689539,35.58567577031887
735,33.62888367446554,35.4752179641001
736,33.98678911876822,35.958452781778426
737,34.28365570313245,36.07988396777563
738,33.27111421741471,35.37574493845339
739,34.134615944985995,35.97814351682229
740,34.453834029420435,36.394895940730784
741,33.85526563222872,35.97210942122011
742,33.4796718821538,35.46576394122357
743,33.257462036892555,35.47387071674188
744,33.16808720551229,35.40704440943989
745,33.548422840259654,35.516444844240645
746,33.247918136606835,35.45310637795202
747,34.45374744142556,35.90919195180799
748,33.37540958307854,35.591662629456316
749,33.93254014649257,35.77596437324447
750,33.60796221635662,35.525142657745626
751,34.1059624904343,35.98291307648114
752,33.13658354949107,35.17724734307016
753,33.88715649811719,35.49687888043705
754,34.15748713686376,36.43565978596209
755,34.26705465116216,36.24357481535695
756,33.288094237452945,35.43716668481565
757,34.58684924914907,36.20683681428926
758,33.40787759061793,35.349747325125996
759,34.018424748851096,35.97929943645426
760,33.803017663537936,35.49400014740471
761,33.85741633106514,35.65663389060707
762,33.40790404152527,35.43456998639607
763,33.38115144281698,35.311867914824134
764,34.59808779607133,36.04914963398507
765,33.23519457721267,35.49504001302007
766,34.019567057394966,35.746609099014925
767,33.49962937382179,35.685468283971886
768,34.3380312163762,36.1905574190108
769,34.53616135398366,36.04451033831596
770,33.931080247610765,35.89801224825286
771,34.31762899607985,36.35708266470898
772,33.121216523944454,35.25260920669082
773,34.02174357853456,36.19484845481343
774,34.359636678932354,36.435643197355226
775,34.059465966997394,35.88993491431252
776,33.52897318306895,35.40527874046091
777,34.32254793584788,35.95604670873187
778,34.09056787189591,36.169262443452176
779,34.31175229929302,36.495225445924405
780,34.13456427416627,35.641804765823544
781,34.54594160879298,36.10884199899771
782,33.330859054343264,35.465894130734014
783,34.07571009005096,35.897740538760196
784,33.601133544822545,35.69252154696143
785,34.0083421364916,35.90425363636276
786,34.451629331369354,35.98976272100567
787,33.79431194389786,35.74548694231571
788,33.73550352973389,35.701678364022236
789,34.4584989624162,35.93434634501579
790,33.395281376267526,35.28492642419677
791,33.81560667509939,35.5820617815476
792,34.27613652953714,35.9775123422037
793,33.61292362604918,35.72138165528067
794,33.73151966001557,35.57550957815931
795,34.28199426924861,36.198671964877164
796,34.26436136741584,36.358107765967866
797,33.60497144894044,35.43900254865453
798,33.11804680586132,35.19675764822322
799,34.502204654282146,36.14877954100913
800,34.4120712473405,36.223404982119504
801,33.16553637669322,35.262325726248704
802,33.44407761882923,35.710635175612715
803,33.545226108060895,35.78015046726238
804,34.360677659952444,36.39388202436754
805,33.94886765774989,35.954860407941865
806,33.33525447183573,35.24843434998673
807,34.456558784494234,36.01296477332116
808,34.40821891877377,36.00182200100519
809,33.90306475236383,36.21760068212556
810,33.246974293403795,35.298726216652284
811,33.94664999496729,35.859731236917334
812,34.409581683961974,36.447768211230255
813,34.149013398712356,35.716969990710986
814,33.54467939577329,35.78516678574071
815,33.938815251738916,36.044870822086736
816,33.446224305362264,35.4664959173382
817,33.36255753016639,35.31955840332184
818,34.073305309442354,36.33641376330933
819,33.73479579925313,35.905966287686766
820,33.87478723783113,36.03822793462481
821,34.1676474099934,36.067762700383646
822,34.340478693148526,36.235868793101076
823,34.14893676824224,35.87218743407199
824,33.463120516616875,35.31597511813947
825,34.213709385440005,36.071298739508876
826,34.348304685182676,36.289383944056446
827,33.55515554749803,35.751544032257534
828,33.99901487200359,35.78432685151724
829,34.56657836949069,36.05895811130044
830,34.41887494383974,35.90013079001822
831,34.10032416246623,35.87256360886275
832,33.76243268027861,35.51425416722624
833,33.98925459363961,36.195385375609554
834,34.53021116605677,36.18992000766893
835,33.790589518076274,35.91360296675604
836,33.96576063270867,35.77107302234064
837,33.30906551733367,35.557327595260354
838,34.19324152231639,35.66786702196918
839,33.669932717532895,35.51967836677881
840,33.82457810585193,35.591021068857096
841,34.600839146219634,36.06907118879653
842,33.812388837003695,35.53177770774914
843,33.49661530016818,35.56993524242124
844,33.89386817094108,35.8310941602805
845,33.643448540187585,35.530729575661184
846,34.58153187791994,36.1768887078696
847,34.25859970701599,36.33487905399484
848,34.38422562228798,36.36887829910838
849,33.69245083657829,35.88272732112716
850,33.9677302320427,36.16270023600554
851,34.43428986218272,35.83374364841864
852,33.70243351391665,35.861426924011845
853,34.13436559697227,35.68768254142878
854,34.57777018522695,36.16747288448832
855,34.296934553374776,36.2720818566775
856,33.61533971723324,35.557826581270575
857,34.27411135767915,36.437944225647364
858,33.11933700448937,35.203479311841804
859,34.13397059257515,35.90391670864094
860,33.7843832121855,35.591995887496836
861,33.865378007423956,35.896080621248274
862,34.05170150198441,36.27000557812887
863,33.52127657077274,35.45007995760199
864,33.69564159093112,35.77873103678818
865,33.36752982481067,35.4120570571088
866,33.59047697489352,35.43759324314621
867,33.70820364992069,35.596475514244474
868,33.34400401204561,35.50125766324563
869,34.25025040253146,36.383422881642375
870,33.501902099283406,35.730652238185804
871,33.700681541091896,35.657647627039886
872,33.60353786445575,35.91480955517907
873,34.264299171326094,36.003205652972
874,33.907837065341816,36.2216732497569
875,34.03933319293948,36.02039762784407
876,34.13051527642366,36.03303962573368
877,33.6951422348769,35.6065102320221
878,33.822172076760225,35.93303708434217
879,33.283843401940224,35.217953406714024
880,33.815718917154214,35.76012056509216
881,33.59723083217368,35.674430092869734
882,33.9185154895385,36.08717276489043
883,34.467005969528806,36.28462869485231
884,33.16737833164817,35.47787317479016
885,34.360520651946544,36.18037252208075
886,33.94538189135846,35.81631987947889
887,34.40829937272343,35.879255358791234
888,33.384412921063266,35.48762528964409
889,33.36062771148854,35.665275626492516
890,33.125182563638845,35.47962132612485
891,33.965513177296366,35.825858529504636
892,34.42833978680704,36.29354459358545
893,34.18933543788433,36.40194796087939
894,34.15394970926643,36.456878403135555
895,33.420712595266416,35.739780683854164
896,33.62554314930809,35.65764153706429
897,33.493907465601644,35.55309144936618
898,34.05739821842015,36.36116968135628
899,34.38776304906597,36.05706087611695
900,34.06724907859995,36.39344263252453
901,33.81182936477031,35.714757852404524
902,33.97724180747528,35.85010553158487
903,33.77317968207207,35.66704930910209
904,33.93539482072147,35.801229240350125
905,34.00541644978332,36.14978594886676
906,34.14434495841049,36.160643373625156
907,33.562994889776036,35.89086509475161
908,34.235774305928395,36.460764949322346
909,33.587952673574875,35.710028004285434
910,34.525144428667396,36.21394852510801
911,33.978181640029035,35.68670151629619
912,33.992813333522115,35.69469247180685
913,33.144168905337324,35.22208379544178
914,33.84794338970258,36.00511420586475
915,34.302412686114636,35.80105751169754
916,34.13232429287711,35.786865278353396
917,34.076152095668945,35.721436940391136
918,33.716586393716675,35.541731556713216
919,33.4855154899181,35.73126740474806
920,34.04114257542068,35.8929143616124
921,33.71863574663627,35.73568409977398
922,34.43477154480026,36.01486977392369
923,33.28055466967553,35.264645884254705
924,33.528055403695724,35.43399154714247
925,34.17559538715982,36.392942617896416
926,33.84719842543124,35.81394862226646
927,34.35968410885256,35.946918240036965
928,33.81172680001351,35.93868313369314
929,34.19785777657724,36.07269946904515
930,34.268089569517066,36.179819927398654
931,33.872744400168905,35.82553513116918
932,34.01766727707735,36.035125060919874
933,34.10755591927183,36.22558984233048
934,34.27460118928724,36.431936057766826
935,33.67891473829434,35.511230114073875
936,33.41010745829424,35.43180349082396
937,34.32011037432761,35.87340483742779
938,34.27032681027832,35.97674106492395
939,33.14762510380443,35.20647844743887
940,33.98438083944607,35.88218962860045
941,33.523793994860426,35.87354159307278
942,34.535548403345096,36.044959498259225
943,33.67770351563789,35.75025370378988
944,34.37316991060775,36.16895123317672
945,33.28335721745894,35.22317220825576
946,34.26607680994265,35.94813279162314
947,33.67085109609119,35.56312796485895
948,34.277832924541215,35.70043486340005
949,33.658355796323534,35.76909727104449
950,33.34382152071673,35.392195774654205
951,34.42741425502241,35.90376983302512
952,33.6848133617556,35.54214401630962
953,33.451524966053874,35.71831390833977
954,33.51494524030491,35.81908718529461
955,33.92328383882021,36.09187220739021
956,33.17031559507059,35.22965146183688
957,33.37243081670026,35.679356720007895
958,34.11216401962283,36.21420669096341
959,33.224733730558434,35.421981318569756
960,34.05471516305148,36.37056475914889
961,33.60257539667977,35.72853014226741
962,34.4045836909537,36.031678635350026
963,34.27106249119701,35.937407993483184
964,34.407067410555925,35.873143257016466
965,33.73928114640886,35.85827612641876
966,33.29693646818632,35.24336337106765
967,33.849551672528776,35.58062914618508
968,34.03279189204802,35.80583015918894
969,34.178930228849374,36.1624328182487
970,33.43192435512478,35.63599582744401
971,33.572128913436345,35.4347644622119
972,34.09595999426426,35.814054721291136
973,33.43891317082576,35.776999014117344
974,34.28341362959344,36.43402127000202
975,33.64966123830844,35.493617838079224
976,33.50847127784487,35.508388988909275
977,33.57926723444285,35.66596276095477
978,34.20552036647595,36.12409894794255
979,33.92649381307044,35.62557261104042
980,33.87870657812365,36.007945704149435
981,34.24095871873251,36.53326495414852
982,34.257332076645575,36.34148851435052
983,33.66376608476053,35.55161706745418
984,34.122688336946766,36.0181970023645
985,34.22129610120926,36.2974234482245
986,34.01382999166876,36.00394946452803
987,33.33296118019206,35.5723884650277
988,33.55761166009124,35.40485086695876
989,33.13035726629487,35.24332162988719
990,33.92058671104884,35.801457901968774
991,34.14765408021949,35.73466781615141
992,34.07214677206109,35.69784789974444
993,34.16230526483823,36.352568010127605
994,34.1333386864374,36.1264965034713
995,34.516474095143984,36.19638957223218
996,33.961688731559185,35.64134449818205
997,33.12545401465088,35.30050906042809
998,34.28299847837015,36.21449355557212
999,33.70373684820991,35.46965939848683
1000,34.11318428111984,36.27735695144084
